fecha,timestamp,tag,cuenta,th,th_objetivo,heroe_rey,heroe_reina,heroe_centinela,heroe_campeona,heroe_principe,heroe_duque,heroes_suma,heroes_suma_max_th,heroes_suma_max_objetivo,pct_defensas,pct_ejercito_edif,pct_laboratorio,pct_heroes,pct_mascotas,pct_equipamiento,pct_trampas,pct_recursos,pct_muros,pct_media,pct_ofensiva,th_siguiente,pct_sig_defensas,pct_sig_ejercito_edif,pct_sig_laboratorio,pct_sig_heroes,pct_sig_mascotas,pct_sig_equipamiento,pct_sig_trampas,pct_sig_recursos,pct_sig_muros,pct_sig_media,pct_sig_ofensiva,pct_ofensiva_vs_th11,pct_ofensiva_vs_th12,pct_ofensiva_vs_th13,pct_ofensiva_vs_th14,pct_ofensiva_vs_th15,pct_ofensiva_vs_th16,pct_ofensiva_vs_th17,pct_ofensiva_vs_th18,muros_total,muros_nivel_medio,muros_nv01,muros_nv02,muros_nv03,muros_nv04,muros_nv05,muros_nv06,muros_nv07,muros_nv08,muros_nv09,muros_nv10,muros_nv11,muros_nv12,muros_nv13,muros_nv14,muros_nv15,muros_nv16,muros_nv17,muros_nv18,muros_nv19,muros_nv20,mejoras_en_curso_n,mejoras_constructor_n,mejoras_lab_n,mejoras_mascotas_n,mejoras_en_curso,ids_sin_mapear,version_maximos,archivo
2026-10-07 21:22,1791400940,#28PLGP0G2,C1 Principal,18,18,61,57,34,18,31,20,221,480,480,70.1,96.1,62.3,46.0,41.9,58.4,39.8,88.1,69.5,63.6,54.1,,,,,,,,,,,,,98.3,89.8,80.8,73.5,67.6,63.6,60.1,54.1,325,13.2,0,0,0,0,0,0,0,0,0,0,0,0,273,47,0,2,2,1,0,0,10,7,2,1,Super Wizard Tower 0→1 (fin 11/10 21:46); Revenge Tower 0→1 (fin 12/10 16:09); Super Wizard Tower 0→1 (fin 12/10 21:24); Sneezy 2→3 (fin 13/10 01:05); Bomb Tower 11→12 (fin 13/10 08:45); Electro Dragon 8→9 (fin 16/10 00:00); Hero Hall 11→12 (fin 16/10 11:27); Multi-Gear Tower 2→3 (fin 17/10 05:07); Pet House 11→12 (fin 18/10 13:42); Bowler 9→10 (fin 19/10 18:51),90000016 90000052 90000053 90000056 90000057 90000059 90000060 90000061,d3a9a72e,historico/exportaciones/28PLGP0G2_1791400940.json
2026-10-07 21:23,1791400988,#R00C8CPQC,C2 Secundaria,16,17,19,29,13,11,12,10,94,400,435,66.9,86.2,44.9,23.5,13.0,57.3,13.9,66.5,67.0,48.8,34.2,17,61.7,80.6,40.9,21.6,10.7,57.3,12.2,65.1,63.3,45.9,31.2,62.4,51.9,46.4,41.8,38.4,34.2,31.2,28.1,325,11.39,0,0,0,0,0,0,0,0,0,0,205,116,3,0,1,0,0,0,0,0,8,6,1,1,Barbarian 9→10 (fin 08/10 12:48); Hero Hall 9→10 (fin 08/10 22:55); Archer Queen 29→30 (fin 09/10 16:12); Clan Castle 11→12 (fin 10/10 19:30); Phoenix 4→5 (fin 11/10 21:00); Lab 13→14 (fin 14/10 06:56); Barracks 17→18 (fin 16/10 16:11); Eagle Artillery 6→7 (fin 17/10 04:05),90000016 90000052 90000053 90000057 90000060 90000061,d3a9a72e,historico/exportaciones/R00C8CPQC_1791400988.json
2026-10-07 21:23,1791401014,#GUQUV98JG,#GUQUV98JG,13,15,37,30,6,0,17,,90,275,365,69.2,83.3,53.7,32.7,,67.9,48.9,72.3,75.3,62.9,43.2,14,62.6,75.8,47.9,28.1,0.0,57.3,39.6,67.4,64.9,49.3,38.0,65.8,53.1,43.2,38.0,33.1,29.6,27.0,24.3,300,10.54,0,0,0,0,0,0,0,0,0,141,157,0,2,0,0,0,0,0,0,0,7,6,1,0,Lightning Spell 7→8 (fin 10/10 00:51); Scattershot 0→1 (fin 10/10 19:58); Scattershot 0→1 (fin 11/10 11:03); Lab 10→11 (fin 11/10 19:57); Hero Hall 6→7 (fin 11/10 20:06); Inferno Tower 6→7 (fin 12/10 16:16); Clan Castle 8→9 (fin 13/10 14:15),90000016 90000052 90000053 90000057 90000060 90000061,d3a9a72e,historico/exportaciones/GUQUV98JG_1791401014.json
2026-10-07 21:23,1791401037,#GVG9GCYUV,#GVG9GCYUV,13,15,27,32,13,0,19,,91,275,365,68.6,81.7,45.6,33.1,,80.8,26.5,68.1,75.4,60.0,39.4,14,62.0,74.2,40.6,28.4,0.0,68.4,21.5,63.4,65.0,47.1,34.5,61.2,48.5,39.4,34.5,30.1,27.0,24.6,22.1,300,10.56,0,0,0,0,0,0,0,0,0,156,120,24,0,0,0,0,0,0,0,0,7,6,1,0,Ice Golem 1→2 (fin 08/10 11:10); Scattershot 0→1 (fin 10/10 19:43); Hero Hall 5→6 (fin 11/10 11:09); Scattershot 0→1 (fin 11/10 12:40); Lab 10→11 (fin 11/10 19:42); Inferno Tower 6→7 (fin 12/10 16:24); Clan Castle 8→9 (fin 13/10 14:23),90000016 90000052 90000053 90000057 90000060 90000061,d3a9a72e,historico/exportaciones/GVG9GCYUV_1791401037.json
2026-10-07 21:24,1791401058,#R02YVYLJ8,#R02YVYLJ8,13,15,24,35,11,0,15,,85,275,365,65.9,78.3,44.1,30.9,,73.5,38.8,61.1,75.9,58.6,37.5,14,59.6,71.2,39.3,26.6,0.0,62.2,31.4,56.9,65.4,45.8,33.0,59.0,46.2,37.5,33.0,28.7,25.6,23.4,21.1,300,10.62,0,0,0,0,0,0,0,0,0,117,182,0,0,1,0,0,0,0,0,0,7,6,1,0,Bowler 3→4 (fin 09/10 12:52); Scattershot 0→1 (fin 10/10 18:50); Lab 10→11 (fin 11/10 16:51); Scattershot 0→1 (fin 11/10 18:58); Hero Hall 6→7 (fin 13/10 14:29); Clan Castle 8→9 (fin 13/10 19:26); Eagle Artillery 2→3 (fin 14/10 19:27),90000016 90000052 90000053 90000057 90000060 90000061,d3a9a72e,historico/exportaciones/R02YVYLJ8_1791401058.json
2026-10-07 21:24,1791401086,#GJPJP9JP0,#GJPJP9JP0,13,15,18,17,2,0,11,,48,275,365,42.5,68.3,34.1,17.5,,54.5,22.0,52.7,42.9,41.8,25.8,14,38.7,62.1,30.4,15.0,0.0,46.2,17.8,49.1,36.9,32.9,22.7,40.9,31.6,25.8,22.7,19.8,17.6,16.1,14.4,300,6.0,0,0,0,0,0,300,0,0,0,0,0,0,0,0,0,0,0,0,0,0,6,5,1,0,Minion 6→7 (fin 08/10 15:18); Lab 9→10 (fin 10/10 10:12); Hero Hall 5→6 (fin 11/10 00:49); Scattershot 0→1 (fin 11/10 01:17); Scattershot 0→1 (fin 12/10 20:57); Eagle Artillery 2→3 (fin 14/10 10:36),90000016 90000052 90000053 90000057 90000060 90000061,d3a9a72e,historico/exportaciones/GJPJP9JP0_1791401086.json
2026-10-07 21:25,1791401127,#GVPU80R80,#GVPU80R80,11,15,22,20,0,,10,,52,150,365,55.5,79.6,48.1,34.7,,59.4,24.5,61.2,51.3,51.8,41.4,12,46.8,69.2,38.4,24.8,,48.8,19.7,56.6,47.3,44.0,31.6,41.4,31.6,25.8,22.6,19.7,17.6,16.1,14.5,300,6.15,0,0,0,0,0,263,28,9,0,0,0,0,0,0,0,0,0,0,0,0,5,4,1,0,Dragon 5→6 (fin 08/10 18:28); Air Defense 8→9 (fin 08/10 19:32); X-Bow 3→4 (fin 09/10 00:53); Hero Hall 4→5 (fin 09/10 06:34); Clan Castle 6→7 (fin 10/10 19:44),90000016 90000052 90000053 90000057 90000060 90000061,d3a9a72e,historico/exportaciones/GVPU80R80_1791401127.json
2026-10-07 21:25,1791401147,#GVUQ2C2VC,#GVUQ2C2VC,11,15,20,26,0,,10,,56,150,365,68.3,82.8,55.7,37.3,,66.7,18.4,67.7,61.2,57.3,46.5,12,57.5,72.0,44.5,26.7,,55.6,14.8,62.6,56.5,48.8,35.6,46.5,35.6,29.1,25.6,22.2,19.9,18.1,16.4,300,7.35,0,0,0,0,0,0,195,105,0,0,0,0,0,0,0,0,0,0,0,0,5,4,1,0,Lab 8→9 (fin 08/10 09:44); Eagle Artillery 0→1 (fin 09/10 10:02); Bowler 1→2 (fin 09/10 19:18); Hero Hall 4→5 (fin 09/10 22:03); Clan Castle 6→7 (fin 10/10 19:18),90000016 90000052 90000053 90000057 90000060 90000061,d3a9a72e,historico/exportaciones/GVUQ2C2VC_1791401147.json
2026-10-07 21:26,1791401172,#GVVYVU802,#GVVYVU802,11,15,21,24,0,,11,,56,150,365,66.3,81.7,55.2,37.3,,77.2,28.2,58.4,60.5,58.1,46.2,12,55.8,71.0,44.1,26.7,,63.8,22.7,54.0,55.9,49.2,35.4,46.2,35.4,28.9,25.4,22.1,19.8,18.1,16.2,300,7.26,0,0,0,0,0,0,257,25,0,18,0,0,0,0,0,0,0,0,0,0,5,4,1,0,Lab 8→9 (fin 08/10 03:54); Eagle Artillery 0→1 (fin 09/10 09:56); Hero Hall 4→5 (fin 09/10 22:00); Clan Castle 6→7 (fin 10/10 19:49); Earthquake Spell 3→4 (fin 10/10 19:49),90000016 90000052 90000053 90000057 90000060 90000061,d3a9a72e,historico/exportaciones/GVVYVU802_1791401172.json
2026-10-07 21:26,1791401193,#GVPU2CJR8,#GVPU2CJR8,11,15,24,22,0,,11,,57,150,365,57.3,80.6,49.7,38.0,,59.4,19.0,55.9,50.0,51.2,43.9,12,48.2,70.1,39.7,27.1,,48.8,15.3,51.7,46.2,43.4,33.4,43.9,33.4,27.2,23.9,20.9,18.6,17.0,15.3,300,6.0,0,0,0,0,16,267,17,0,0,0,0,0,0,0,0,0,0,0,0,0,5,4,1,0,Air Defense 7→8 (fin 08/10 15:57); Eagle Artillery 0→1 (fin 08/10 18:48); Witch 2→3 (fin 09/10 01:57); Hero Hall 4→5 (fin 09/10 04:51); Clan Castle 6→7 (fin 10/10 08:54),90000016 90000052 90000053 90000057 90000060 90000061,d3a9a72e,historico/exportaciones/GVPU2CJR8_1791401193.json
2026-10-07 21:26,1791401214,#R02YUVC0J,#R02YUVC0J,11,15,20,23,0,,10,,53,150,365,55.6,77.4,47.0,35.3,,57.4,19.0,59.3,44.1,49.4,41.1,12,46.8,67.3,37.6,25.2,,47.0,15.3,54.9,40.7,41.9,31.4,41.1,31.4,25.6,22.5,19.6,17.4,16.0,14.3,300,5.3,50,0,0,0,0,211,39,0,0,0,0,0,0,0,0,0,0,0,0,0,4,3,1,0,Lab 8→9 (fin 08/10 03:37); Eagle Artillery 0→1 (fin 09/10 09:37); Hero Hall 3→4 (fin 09/10 09:41); Witch 2→3 (fin 09/10 12:57),90000016 90000052 90000053 90000057 90000060 90000061,d3a9a72e,historico/exportaciones/R02YUVC0J_1791401214.json
